"Contractor","Case Count"
"MOLDTELECOM S.A.",735
"CIA ASITO S.A.",569
"B.C. MOLDOVA-AGROINDBANK S.A.",323
"MOLDASIG S.A.",304
"Î.M. MOLDCELL S.A.",299
"BANCA DE ECONOMII S.A.",208
"Î.S. CADASTRU",152
"TERMOELECTRICA S.A.",90
"MAGDAS.R.L.",88
"NEGA S.R.L.",79
"PLANIFICARE S.R.L.",76
"SLAVENA LUX S.R.L.",73
"S.R.L. VATRA",65
"Î.M. C.I.A. TRANSELIT S.A.",61
"C.A. DONARIS VIENNA INSURANCE GROUP S.A.",49
"F.P.C. ROGOB S.R.L.",48
"CATOL LUX S.R.L.",45
"Î.S. Servicii Pază a MAI",40
"C.A. ASTERRA GRUP S.A.",40
"OLIMP S.R.L.",37
"VEC S.R.L.",36
"TEHNICA S.R.L.",33
"S.R.L. CONSTRUCTORUL",33
"OLMOSDON S.R.L.",31
"VOLTA S.R.L.",31
"VAD S.R.L.",29
"MOLDPRESA S.A.",29
"C.C. AQUATRADE S.R.L.",28
"TELEMAR S.R.L.",28
"MOLDTRANS-TUR S.R.L.",28
"ENERGIA SRL",28
"LORINELA GRUP S.R.L.",28
"Î.M. ORANGE MOLDOVA S.A.",28
"DITA ESTFARM S.R.L.",27
"EXCLUSIV S.R.L.",24
"DITA ESTFARMS.R.L.",23
"INTECO MEDIA GRUPS.R.L.",22
"INTECO MEDIA GRUP S.R.L.",22
"Î.C.S. BEMOL RETAIL S.R.L.",21
"S.R.L. IMEXAGRO",21
"Î.S. VAMSERVINFORM",20
"""Moldpresa Grup""",18
"MOLDPRESA GRUP S.R.L.",18
"AGROPIESE TGR GRUP S.R.L.",18
"CONSTRUM S.R.L.",17
"F.C.P. SOLDI S.R.L.",17
"ELPO S.R.L.",17
"DAMICOM S.R.L.",17
"Î.M. ROMPETROL  MOLDOVA S.A.",16
"JUSTSTUDIUMANIMA S.R.L.",16
"Î.M. TIREX PETROL S.A.",15
"Compania ASITO S.A.",15
"FARMACIA FAMILIEI S.R.L.",15
"Î.M. AUTO MALL S.R.L.",15
"LITARCOM S.R.L.",14
"BICOMPLEX S.R.L.",14
"MARSTEL GRUP S.R.L.",13
"SOVERANG S.R.L.",13
"TIRAMISA S.R.L.",13
"FLORENI S.A.",12
"TINA S.R.L.",12
"DIO-PLUS S.R.L.",12
"ORIZONTUL S.R.L.",12
"Serviabil S.R.L.",11
"BIROVITS S.R.L.",11
"F.P.C. MGM S.R.L.",11
"Casa de Comerţ VITA S.R.L.",11
"Faclia S.R.L",11
"PPE S.R.L.",11
"AIR MOLDOVA Î.S.",10
"F.P.C. CHETON GRUP S.R.L.",10
"AMTA-TIS S.R.L.",10
"EXIMOTOR S.A.",9
"Î.C.S. PETROM-MOLDOVA S.A.",9
"MITRA-GRUP S.A.",9
"POLICONTRACT S.R.L.",9
"ELIO DESIGN S.R.L.",9
"ALIVALDA S.R.L.",9
"Î.M.R.E.I. LUMTEH",8
"SABRIS COM S.R.L.",8
"Î.C.S. DELAMODE MOLDOVA S.R.L.",8
"S.C. ELAN POLIGRAF S.R.L.",8
"S.H. HENDRIX  BAIL S.R.L.",8
"TETIS INTERNATIONAL CO S.R.L.",8
"AP SISTEM S.R.L.",8
"Î.M. AGROPIESE TGR GRUP S.R.L.",8
"FLERIXON S.R.L.",8
"UNICART-PRIM S.R.L.",8
"SOLEI-TURISM S.R.L.",7
"OAZA S.R.L.",7
"Casa de Odihnă NISTRU S.R.L.",7
"S.R.L. EUROLUMINA",7
"SANGRIDIV S.R.L.",7
"SEDIORUS S.R.L.",7
"ALGU CONSTRUCT S.R.L.",7
"S.R.L. EXCONS GRUP",7
"Serviabil",6
"VICCON S.A.",6
"S.C. ALIOCOR LT S.R.L.",6
"SERGIU PLUS NICOLAE S.R.L.",6
"AUTO TYRES S.R.L.",6
"UNIVERSCONS S.R.L.",6
"ANSERGLOB S.R.L.",6
"POLIS S.R.L.",6
"ARSENAL S.R.L.",6
"Î.C.S. FARMINA S.R.L.",6
"TRANZIT S.R.L.",6
"LISMEDFARM S.R.L.",6
"PACIFIC MOTORS MOLDOVA S.R.L.",6
"VisPas şi Co S.R.L.",6
"S.C. MEDIA SHOW GRUP S.R.L.",6
"INCONARM S.A.",5
"S.P.B. CONSTRUCTORUL Î.S.",5
"Î.M. GRAWE CARAT Asigurări S.A.",5
"EAST-AUTO-LADA S.R.L.",5
"S.C. IMONA GRUP S.R.L.",5
"MOLDCARBUNE S.R.L.",5
"ICAM S.A.",5
"VICTIANA S.R.L.",5
"COMITEK S.R.L.",5
"S.C. IMUNOTEHNOMED S.R.L.",5
"BANTCARAD S.R.L.",5
"PRIDE SYSTEM S.R.L.",5
"UTILTRANS CONSTRUCT S.R.L.",5
"ELECTROMOTOR-SERVICE S.R.L.",5
"ROCARP CONSTRUCT S.R.L.",5
"TAROL-DD S.R.L.",5
"MEDIASUCCES S.R.L.",5
"BEVVIS S.R.L.",5
"METALICA-ZUEV S.R.L.",5
"Continent S.R.L.",5
"S.R.L. GLORIA-QVARC",5
"MAXIMUM AUTOS.R.L.",4
"ARTMET S.A.",4
"LUSMECON S.A.",4
"LANGERAS.R.L.",4
"TEHOPTIMED S.A.",4
"EDILITATE S.A.",4
"RADU S.R.L.",4
"Î.M. XAMINAR S.R.L.",4
"INJPROIECT S.R.L.",4
"AUTOFRAME-FM S.R.L.",4
"LANGERA S.R.L.",4
"STRENGTH S.R.L.",4
"BELSTIL-MOBILA S.R.L.",4
"LAUTRA-ANGRO S.R.L.",4
"S.C. PLASTCOMPLEX S.R.L.",4
"LINCONS S.R.L.",4
"GAZCON GRUP S.R.L.",4
"NEOMATRIX S.R.L.",4
"RULTEHCOM S.R.L.",4
"MAXIMUM AUTO S.R.L.",4
"INSTALVEST GRUP S.R.L.",4
"Î.M. RIHPANGALFARMA S.R.L.",4
"IMPICAR PLUS S.R.L.",4
"TEHNO-TREND S.R.L.",4
"S.C. PEISAJ - ART S.R.L.",4
"VITASISTEM S.R.L.",4
"DINOCTA S.R.L.",4
"S.R.L. ELECTROSTRAT",4
"RUSPIN GRUP SRL",4
"Î.M. ACCENT ELECTRONIC S.A.",3
"AUGUR-PERLA S.A.",3
"ITALTEH S.R.L.",3
"I.M. BECOR S.R.L.",3
"S.C. DVS SERVICE S.R.L.",3
"BAGUETTE S.R.L.",3
"ACVILIN-GRUP S.R.L.",3
"S.C. CARTNORD S.R.L.",3
"S.C. QUO VADIS S.R.L.",3
"GHIMNIC S.R.L.",3
"Î.M. VINAMEX S.R.L.",3
"ACIT-TRANS S.R.L.",3
"ALIMCONSTRUCT GRUP S.R.L.",3
"TEHELECTRO-SV S.R.L.",3
"LOZMANGAL-GRUP S.R.L.",3
"IMPERIAL-SECURITATE S.R.L.",3
"S.C. CLIMATEC S.R.L.",3
"AUTOPROGRESIV-SERVICE S.R.L.",3
"SONDICOM S.R.L.",3
"INTERVETCOM S.R.L.",3
"VION-IMPEX S.R.L.",3
"BONS OFFICES S.R.L.",3
"BELNIS S.R.L.",3
"S.R.L. STIL BIROTIC",3
"S.R.L. DISTRIMED",3
"PANONIMEDIA S.R.L.",3
"AUTO-PREZENT S.R.L.",3
"JUSTAR S.R.L.",3
"BIMCON-SERVICE S.R.L.",3
"S.C. MEDIA MONITORING S.R.L.",3
"S.C. IVLEVI S.R.L.",3
"PRODENT-COM S.R.L.",3
"S.A. INCOMLAC",2
"S.R.L.”Gloria”",2
"DAAC-AUTOS.R.L.",2
"CEBAN DINU VASILE",2
"HOTELUL ZAREA Î.S.",2
"RESTAURATORUL S.A.",2
"NINA & ASNS.R.L.",2
"AUTOSHOCK SVS.R.L.",2
"REZERVCOM Î.S.",2
"TANASIEV V Î.I.",2
"DAAC-AUTOSPORT S.R.L.",2
"DENIADI S.R.L.",2
"S.R.L. LUKOIL-Moldova",2
"LIFTSERVICE Î.M.",2
"STANDELEV S.R.L.",2
"MOLDAN-SERVICE S.R.L.",2
"BERCUT-GRUP S.R.L.",2
"Î.M. DELMAR CONSTRUCTION S.R.L.",2
"VILA VERDE S.R.L.",2
"S.C. REBDACONS S.R.L.",2
"PIROTERM-SERVICE S.R.L.",2
"AUTOSHOCK SV S.R.L.",2
"DAAC-AUTO S.R.L.",2
"S.C. MEGAVIL GRUP S.R.L.",2
"STEVIPROD S.R.L.",2
"EXPRESMARKET S.R.L.",2
"GEOTER-COM S.R.L.",2
"CONSIT PRO S.R.L.",2
"VARINCOM S.R.L.",2
"S.R.L. TAMIR",2
"S.C. OZUN-CONS S.R.L.",2
"Î.M. ANCARO-S.V. S.R.L.",2
"S.C. FORSBETA S.R.L.",2
"ECOTEHLIDER S.R.L.",2
"S.C. CRISTRANSCOM S.R.L.",2
"TROFANATA S.R.L.",2
"SIMCON-LUX S.R.L.",2
"TINCOM S.R.L.",2
"BICOMPLEX-CONSTRUCT S.R.L.",2
"SIREXTON S.R.L.",2
"ADVANTIX S.R.L.",2
"CREDOPRIM S.R.L.",2
"BIROTIX-COM S.R.L.",2
"TACERO S.R.L.",2
"VADINA S.R.L.",2
"MOLDCABLU S.R.L.",2
"MEDEFERENT GRUP S.R.L.",2
"GLORINAL IMOBIL S.R.L.",2
"S.C. GRAND PREMIUM S.R.L.",2
"NOVA-IMPRIM S.R.L.",2
"RAP PHARMA INTERNATIONAL S.R.L.",2
"S.C. AVATARUS S.R.L.",2
"SARVN S.R.L.",2
"DAAC HERMES S.A.",1
"Î.M. FARMACO S.A.",1
"ORMOTEX S.A.",1
"LACTIS S.A.",1
"DASTIC MIHAI Î.I.",1
"C.A. VICTORIA ASIGURĂRI S.A.",1
"COOPERATIVA DE CONSUM DIN NISPORENI",1
"MAHU VASILE ALEXANDRU",1
"VERILARPROIECT S.A.",1
"VETUGA-ZEMIFS.R.L.",1
"AVANTMOTOR-COMS.R.L.",1
"BTS PROS.R.L.",1
"AV-MACROCOMS.R.L.",1
"S.R.L.EUROSTIL CONSTRUCT",1
"AGROINDPROIECT S.A.",1
"S.A. UNITA",1
"AGROVIN BULBOACA S.A.",1
"LEMNAR S.A.",1
"NICA S.R.L.",1
"RUTADOR S.R.L.",1
"S.A. MAGISTRALA",1
"DEZMED-CV S.R.L.",1
"POWER TEAM S.R.L.",1
"AUGUSTELIFT S.R.L.",1
"AV-MACROCOM S.R.L.",1
"Farmacia RECETA FARM S.R.L.",1
"S.C. ELECTEH S.R.L.",1
"OLEMUS GRUP S.R.L.",1
"S.C. ACAR-CONSTRUCT S.R.L.",1
"BTS PRO S.R.L.",1
"CLIMATSISTEM S.R.L.",1
"ARTPREST GRUP S.R.L.",1
"MOBIGRUP ANTURAJ S.R.L.",1
"AGENT-TURA S.R.L.",1
"S.C. RUMEON S.R.L.",1
"CREIT S.R.L.",1
"Î.C.S. NITECH S.R.L.",1
"S.C. ILMAVA S.R.L.",1
"GRICONS-IMPEX S.R.L.",1
"UNIDENT-AS S.R.L.",1
"UNIVERSINJ S.R.L.",1
"RODICONS S.R.L.",1
"ANODILIA S.R.L.",1
"MOLDSERCON S.R.L.",1
"SMAD-GRUP S.R.L.",1
"AUTOCONCORD S.R.L.",1
"TOM-MIN GRUP S.R.L.",1
"DIGHIVA S.R.L.",1
"PROCRIOMAX S.R.L.",1
"S.C. OMNICOM S.R.L.",1
"TETLEM S.R.L.",1
"VITCOS-COM S.R.L.",1
"JUSTAR-TEHNO S.R.L.",1
"FLORENTINA CONSTRUCT S.R.L.",1
"CONMETAL-COM S.R.L.",1
"MAGDA S.R.L.",1
"DORTEHTRANS S.R.L.",1
"S.R.L. ARTSINTEZ MEDIA",1
"STEJAUR S.A.",1
"BUSINESSCOM STAR S.R.L.",1
"LINIA & CO S.R.L.",1
"S.C. DAXEN-COM S.R.L.",1
"S.R.L. AUTORCOM GRUP",1
"SMART MEDICAL S.R.L.",1
"DELIUS S.R.L.",1
"TRANSENCA-TUR S.R.L.",1
"PRODLUXCONS S.R.L.",1
"F.P.C. ANGROCONSCOM S.R.L.",1
"GROVEN GRUP S.R.L.",1
"ODISEU S.R.L.",1
"HIDROCHIM S.R.L.",1
"DIVIMEX GRUP S.R.L.",1
"S.C. BOGOS-PRIM S.R.L.",1
"DIVABONA S.R.L.",1
"ARSENAL-GRUP S.R.L.",1
"BEAX COM S.R.L.",1
"MOBIASTRUM S.R.L.",1
"S.R.L. ECOPLANTERA",1
"EUROPARC S.R.L.",1
"GENTILOM S.R.L.",1
"S.C. INSTEL-PRIM S.R.L.",1
"Î.C.S. O.P. ARGUS-S S.R.L.",1
"S.R.L. TAVICONST GRUP",1
"MOLDAUDITING S.R.L.",1
"S.C. GLAVIRUX S.R.L.",1
"Î.C.S. NOBIL-CLUB S.R.L.",1
"TARGUS IMPEX S.R.L.",1
"PROGUS S.R.L.",1
"SANTEH-TRANS S.R.L.",1
"Î.M. APRODIM S.R.L.",1
"ADG AUTO TRANS S.R.L.",1
"NANDOS S.R.L.",1
"S.R.L. TOTAL RADIO",1
"S.R.L. EXIVLADIM",1
"COMPLEXUL DE EDITURI AL BISERICII ORTODOXE DIN MOLDOVA S.R.L.",1
"S.C. EUROPLAST S.R.L.",1
"STUDENT TRAVEL S.R.L.",1
"MEDEXIM S.R.L.",1
"S.C. UNIMOND - PRO S.R.L.",1
"CHIGHEON S.R.L.",1
"S.C. GETARCON GRUP S.R.L.",1
"VIGI S.R.L.",1
"F.C.P. CORNA S.R.L.",1
"AUTOSPACE S.R.L.",1
"S.C. VLADOS-COM S.R.L.",1
"S.C. GAL TRANSERVICE S.R.L.",1
"CVADRANT SRL",1
"S.R.L. MC-CONSULTING",1
"Î.C.S. TV MR MLD S.R.L.",1
"NIROM-ROZ S.R.L.",1
"S.R.L. AFLUX-PRIM",1
"CINCI MESTERI S.R.L.",1
"LIDUMION-CONSTRUCT S.R.L.",1
"MAXLINIE-COMP S.R.L.",1
"EMS-AC GRUP S.R.L.",1
"S.R.L. ALTERNOSFERA",1
"S.R.L. REXART",1
"CARTDIDACT S.R.L.",1
"EUROSERVICES S.R.L.",1
"S.C. AGRODOR-SUCCES S.R.L.",1
"S.R.L. SELEXTEH-SV",1
"BRAMIUS S.R.L.",1
"FLORNUC S.R.L.",1
"S.R.L. CLEMANTIN",1
"G.C.C. - SECURITATE S.R.L.",1
"OLIMPUS-85 S.R.L.",1
"S.R.L. LEOSAD-PLUS",1
"S.R.L. CENTEL PRIM",1
"ALPAS-COM S.R.L.",1
"S.R.L. EUROSTIL CONSTRUCT",1
"S.C. PROMO-PROFIT S.R.L.",1
"SUNNY TRAVEL S.R.L.",1
"TONERSISTEM S.R.L.",1
"PRELUDE S.R.L.",1
"S.C. SANGALIMED S.R.L.",1
"EUROTOP-PLUS S.R.L.",0
"Î.C.S. FRIGOCLIMA S.R.L.",0
"INSTITUTUL DE PROIECTĂRI DE STAT IPROCOM",0
"FPC AGENTINTER S.R.L.",0
"S.C. MSA GRUP S.R.L.",0
"Î.M. ASCENDIS CONSULTING S.R.L.",0
"PRIMEX-COM S.R.L.",0
"AMARFII ION VASILE",0
"PRECITEST-COM S.R.L.",0
"GEMENII-SÎRBU О.I.",0
"Î.M. CENTRUL DE ODIHNĂ PENTRU COPII ŞI TINERET-PRIETENIA",0
"S.C. PROGAMACONS S.R.L.",0
"INFOSOFTEH S.R.L.",0
"CELERITAS S.R.L.",0
"S.C. SANEX-COMERŢ S.R.L.",0
"TIPOGRAFIA CENTRALĂ О.S.",0
"Î.C.S. ORTONET S.R.L.",0
"S & S CONSTRUCT S.R.L.",0
"S.C. DINA-COCIUG S.R.L.",0
"DELTA CONSTRUCT S.R.L.",0
"CERVAC TATIANA О.I.",0
"Ecochimie S.R.L.",0
"BAZA AUTO A CANCELARIEI DE STAT A REPUBLICII MOLDOVA",0
"LIFTSERVICE О.M.",0
"Î.S. DIRECŢIA SERVICII PENTRU CORPUL DIPLOMATIC",0
"F.C.P.C. DATACONTROL S.R.L.",0
"S.C. CNG CAR S.R.L.",0
"S.C. MEGACON SERVICE S.R.L.",0
"Î.M. LOKMERA S.R.L.",0
"S.R.L. CREATIV MEDIA",0
"S.C. RILICI - COMPANI S.R.L.",0
"URECOOP DIN STRĂŞENI",0
"S.A. DRUMURI-CIMIŞLIA",0
"S.C. LEMFABRIC S.R.L.",0
"DIGITAL VIDEO S.R.L.",0
"Î.M. GBG-MLD S.R.L.",0
"RĂDOP-OPT S.R.L.",0
"S.C. BASTER-MEDIA S.R.L.",0
"Î.C.S. TEHGAZ GRUP S.R.L.",0
"S.R.L. TIGRII DE VEGHE",0
"Î.C.S. HMI-HIGIMED INDUSTRIE S.R.L.",0
"INTERMED S.R.L.",0
"Farmacia CENTROFARM S.A.",0
"DEZFARMTEH S.R.L.",0
"Î.M. CRISTAL CLEAN S.R.L.",0
"GARANT PREST S.R.L.",0
"S.C. LUPU-COM SRL",0
"Plagiat-Sistem Antiplagiat prin Internet SRL",0
"REMAUTO GRUP S.R.L.",0
"I.S.P. RURALPROIECT",0
"M-INTER-FARMA S.A.",0
"VALDCONGRUP S.R.L.",0
"POŞTA MOLDOVEI Î.S.",0
"S.C. RGP GRUP S.R.L.",0
"INTEXNAUCA S.A.",0
"S.C. PROEUROCONSULT S.R.L.",0
"LINGVISTICA S.R.L.",0
"RÎUL VECHI S.R.L.",0
"INTERMED-SERVICE S.R.L.",0
"Î.C.S. MEDIA IMAGE S.R.L",0
"CRISTEF TURTRANS S.R.L.",0
"EDITURA UNIVERSUL Î.S.",0
"PROCONIMPEX S.R.L.",0
"TELECOM-PAGER S.R.L.",0
"1.	S.C. „Silva Trading” S.R.L.",0
"SARDIS EXIM S.R.L.",0
"NISTRU LADA S.A.",0
"NORD-UNIVERSAL S.R.L.",0
"CRIO S.A.",0
"Î.M. NATUSANA S.R.L.",0
"S.R.L. METROMPAŞ",0
"NEOTEC S.R.L.",0
"GVP  MOLDOVA S.R.L.",0
"IMPRESO-PRINT S.R.L.",0
"S.C. NM CONSTRUCT S.R.L.",0
"S.C. INSTALCONSTRUCT S.R.L.",0
"S.C. MELITAX-GRUP S.R.L.",0
"TECTERM S.R.L.",0
"CURĂŢENIE SAN-PROF S.R.L.",0
"URALIS S.R.L.",0
"S.R.L. PRIMAVIA-EXIM",0
"Giesecke & Devrient GmbH",0
"OFICIU  AMG S.R.L.",0
"SILVA TRADING SRL",0
"Î.I. PAVLUSI RIMA",0
"S.R.L. PROTUVIM-AGRO",0
"TIPOGRAFIA ACADEMIEI DE ŞTIINŢE A MOLDOVEI Î.S.",0
"PROFTEHGRUP S.R.L.",0
"Î.M. VIVAMED INTERNATIONAL S.R.L.",0
"EUROLIFTMONTAJ S.R.L.",0
"G.P.N. S.R.L.",0
"NICOLAEV CONSTANTIN Î.I.",0
"F.P.C. SOGNO S.R.L.",0
"CEBAN SERGIU VICTOR",0
"O.P. ROZGO GRUP S.R.L.",0
"Î.C.S. PERFECT INTERNATIONAL S.R.L.",0
"HUMANLAB S.R.L.",0
"PROFILAXIE-STOVBUN Î.I.",0
"MELN-GRUP S.R.L.",0
"Î.C.S. LAPMOL S.R.L.",0
"STUDIUM PLUS S.R.L.",0
"OGNES-NORD S.R.L.",0
"CURAT LUX S.R.L.",0
"DELEU-DELEV Î.I.",0
"UNIVERSCOM S.A.",0
"SECURITATE FGM S.R.L.",0
"CONSULTING & MANAGEMENT AGENCY S.R.L.",0
"S.R.L. TORENT PLUS",0
"SRL ""Canindsport",0
"S.C. ROLVIT-ND S.R.L.",0
"Î.C.S. LUKOIL-MOLDOVA S.R.L.",0
"S.C. NOUCONST S.R.L.",0
"INCERCOM О.S.",0
"Î.I. DICUSAR VEACESLAV",0
"S.C. DAAC SYSTEM INTEGRATOR S.R.L.",0
"SERVICIUL ASISTENŢĂ BENEFICIARI LA OBIECTELE SOCIALE О.S.",0
"INFOSAFE S.R.L.",0
"S.R.L. PASCOLINA",0
"Î.M. DELTA-MEDICA S.R.L.",0
"NIBOL BRIO S.R.L.",0
"FPC ESCULAP-FARM S.R.L.",0
"ACM - MUNCEŞTI S.R.L.",0
"Î.M. DECAFARM S.R.L.",0
"S.C. LYCEUM S.R.L.",0
"DELMIX-PRIM S.R.L.",0
"S.R.L. MARSHARCON",0
"BIOSISTEM MLD S.R.L.",0
"P.P. OFICIU-SERVICE S.R.L.",0
"S.C. IGC-CONSTRUCT S.R.L.",0
"BUSELI-M S.R.L.",0
"AVANTMOTOR-COM S.R.L.",0
"Î.I. SNEJANA CEBOTARI",0
"S.C. SELINIC - CONS S.R.L.",0
"Institutul de Geodezie, Prospecţiuni Tehnice şi Cadastru INGEOCAD Î.S.",0
"EUROGALEX PRIM S.R.L.",0
"S.R.L. STAŢIUNEA BALNEOCLIMATERICĂ CODRU",0
"AERO PREMIER TUR S.R.L.",0
"S.C. EUROPRES S.R.L.",0
"DEBRA STUDIO DESIGN S.R.L.",0
"PROTECŢIA S.A.",0
"Firma ILP SRL",0
"S.C. ALUSAR-PLAST S.R.L.",0
"S.C. ELINATCONS S.R.L.",0
"S.C. FAINA LUMINA S.R.L.",0
"TINICHIGIU S.R.L.",0
"ATRACTIV INVEST S.R.L.",0
"S.C. MAVITEX-CONS S.R.L.",0
"CONSAR-PRIM S.R.L.",0
"ETERNCONSTRUCT S.R.L.",0
"MARION-PLUS S.R.L.",0
"S.R.L. VERMILION",0
"Î.C.S. EUROPEAN ELECTRICAL EQUIPMENT E.NEXT S.R.L.",0
"CAMELON-CONS S.R.L.",0
"GRAFIC  DESIGN S.R.L.",0
"FABI & LINA S.R.L.",0
"UNICOMPRO S.R.L.",0
"LIFE MED S.R.L.",0
"S.C. RITUS-AV S.R.L.",0
"FABRICA DE PÎINE DIN ORHEI S.A.",0
"Î.C.S. BM TECHNOTRADE S.R.L.",0
"LIMANI-GRUP S.R.L.",0
"SARCO - SERVICE S.R.L.",0
"Î.M. 5AQ INVEST S.R.L.",0
"SC ""MOBILIS"" SRL",0
"LABROMED LABORATOR S.R.L.",0
"PRESSINFORM-CURIER S.R.L.",0
"TIPOGRAFIA CENTRALĂ Î.S.",0
"FORS-COMPUTER S.R.L.",0
"SALTICA-LUX S.R.L.",0
"F.P.C. SANRADO S.R.L.",0
"WEST BUY SRL",0
"S.R.L. SANMEDICO",0
"Reprezentanţa din Moldova a Companiei FRESENIUS MEDICAL CARE DEUTSCHLAND GMBH",0
"V.COLUN Î.I.",0
"FRANZELUŢA S.A.",0
"FAINA ANDREI ALEXANDRU",0
"Î.M. ELODI - FARM S.R.L.",0
"S.C. VOLTOZAR S.R.L.",0
"GULEOST S.R.L.",0
"TRIUMF-MOTIV S.R.L.",0
"CENTRUL RESURSELOR INFORMAŢIONALE DE STAT ""REGISTRU"" Î.S.",0
"PAVEL GHEORGHE GHEORGHE",0
"SIMCOMTEX S.R.L.",0
"S.C. BIOTEHDESIGN S.R.L.",0
"DANOVA-PRIM S.R.L.",0
"S.C. ARTMOBILA S.R.L.",0
"ECHIPAMED-PLUS S.R.L.",0
"S.C. XPERT PC S.R.L.",0
"SANFARM-PRIM S.A.",0
"STAR TEHNO ENGINEERING S.R.L.",0
"O.P. MEDIA SECURITATE GRUP S.R.L.",0
"AQUA-PRUT S.A.",0
"ATTRIBUTUM S.R.L.",0
"StarNet Soluţii S.R.L.",0
"GOLIAT-VITA S.R.L.",0
"S.C. FIDEL GRUP S.R.L.",0
"NIPETGAL S.R.L.",0
"Î.C.S. CODRU HOSPITALITY S.R.L.",0
"SRL Adrika ",0
"S.C. ESC - PUR S.R.L",0
"RUDITIM S.R.L.",0
"Sanatoriul NUFARUL ALB S.R.L.",0
"UNISIM-SOFT S.R.L.",0
"Î.C.S. SOFTLINE INTERNATIONAL S.R.L.",0
"LENSES GRUP S.R.L.",0
"O.P. GARDA C4 S.R.L.",0
"S.C. MIHCONS-PLUS S.R.L.",0
"S.R.L. DUXPRIM SERVICE",0
"S.C. SIJA-PRIM S.R.L.",0
"MOB-ELITA S.R.L.",0
"MAGISTRALA-NISTRU S.R.L.",0
"S.R.L. ANSERPLAST",0
"S.C. PRIMOBIL-LUX S.R.L.",0
"S.C. EUSEVAS CONS S.R.L.",0
"S.C. RAPID LINK S.R.L.",0
"PROREDOX GROUP S.R.L.",0
"S.C. CADOM-GAZ S.R.L.",0
"AQUAPARC CAPITALA S.R.L.",0
"BASS SYSTEMS S.R.L.",0
"S.R.L. ADOR MOBILA",0
"S.C. CIMTERMIC S.R.L.",0
"Î.M. INTERIOR DECOR S.R.L.",0
"ESTETINI S.R.L.",0
"BIOMEDICAL S.R.L.",0
"NICOVAN-GRUP S.R.L.",0
"LUCET-COMERŢ S.R.L.",0
"MARISTECONS S.R.L.",0
"VICTOR COMMUNICATION S.R.L.",0
"BUDEI COM S.R.L.",0
"ZILANT S.A.",0
"Agenţia Germană de Asigurare a Calităţii",0
"S.A. LEGION",0
"EFECTIVE MEDICAL E & C S.R.L.",0
"KABION-MEDICAL S.R.L.",0
"PAIRELI & C S.R.L.",0
"ANADEM-CONSTRUCT S.R.L.",0
"STANDARD IMPEX S.R.L.",0
"Î.M. TATRA-BIS S.R.L.",0
"ADRIAN-PLUS S.R.L.",0
"Î.I. PĂDUREŢ  ALEXANDRU",0
"AURMILION S.R.L.",0
"Î.I. NOVIŢCHII SERGHEI",0
"S.R.L. ARCTUS IMPEX",0
"TENERAB-BAŞ CIU S.R.L.",0
"TACTICAL PRO AMMUNITION S.R.L.",0
"F.P.C. APROSERVICE-X S.R.L.",0
"OPTIC-LUX S.R.L.",0
"S.C. INSTALSISTEM S.R.L.",0
"S.C. BUCOVINEANCA S.R.L.",0
"S.C. NEW TONE S.R.L.",0
"S.C. COMALION & CO S.R.L.",0
"UNITEHSTANDARD S.R.L.",0
"AMBORIO S.R.L.",0
"FABIANCA S.R.L.",0
"S.C. CARPETA MD S.R.L.",0
"LUCIREX-COM S.R.L.",0
"VIOGRAFIC S.R.L.",0
"CONSMODERN S.R.L.",0
"MANNCONFORT S.R.L.",0
"F.P.C. AMAS S.R.L.",0
"S.C. VASTAVIT S.R.L.",0
"Î.I. TRIFAN SIMION",0
"S.C. STELPART S.R.L.",0
"TECHNO SMART SERVICE S.R.L.",0
"TORECO S.R.L.",0
"S.R.L. MIGASTIL-COM",0
"COMETA CONSTRUCT S.R.L.",0
"MIPECO S.R.L.",0
"SANMAX SERVICE S.R.L.",0
"LUMGRUPMAŞ SRL",0
"AGROMONTAJ S.A.",0
"S.C. MONELCONS S.R.L.",0
"NORD-GARANT S.R.L.",0
"S.R.L. MARCONS-DRUM",0
"MELIOSERVIS S.R.L.",0
"LANIT-SOFT S.R.L.",0
"S.C. DRAGODION S.R.L.",0
"BASADOR - COM S.R.L.",0
"S.C. VIARHCON S.R.L.",0
"Î.I. CLIPA SIMION",0
"S.C. MECENERGO S.R.L.",0
"ENERGOREPARAŢII Î.S.",0
"TEREHOV IURI IVAN",0
"TIPOGRAFIA-SIRIUS S.R.L.",0
"ONE TELECOM S.R.L.",0
"Institutul pentru Dezvoltare și Inițiative Sociale “Viitorul”",0
"NRG INTERACTIV S.R.L.",0
"SORINA GAJIU Î.I.",0
"TRANS-SERVIS S.R.L.",0
"DAGECON S.R.L.",0
"Î.P. COSTEŞTI S.A.",0
"S.C. MONTEX - GAZ S.R.L.",0
"S.C. GreenSoft S.R.L.",0
"SAGITTA & CO S.R.L.",0
"S.P.A.R.C.O.-PRIM SRL",0
"S.C. HIPERTEH S.R.L.",0
"AEROPORT CATERING S.A.",0
"TRABECO-DESIGN S.R.L.",0
"PASC-CON S.A.",0
"Î.M. DUTCHMED-M S.R.L.",0
"ADCOGNOS S.R.L.",0
"AFINA-VSH S.R.L.",0
"S.C. ENERGOPLAT S.R.L.",0
"FERARU-S S.A.",0
"Î.S. MOLD-DIDACTICA",0
"S.R.L. SB-DANIELA",0
"LOGO-STUDIUM S.R.L.",0
"ARIPARTEX S.R.L.",0
"S.R.L. POVLADAR",0
"S.C. GVININ CONS S.R.L.",0
"S.C. GRINI-MAX S.R.L.",0
"DVD-TRANS S.R.L.",0
"METANTENC S.R.L.",0
"S.C. VANRO - COM S.R.L.",0
"Mihai-Gabriel Nicolae Alexandru",0
"S.C. DETIVA -  CONS S.R.L.",0
"S.C. OXALION S.R.L.",0
"CASA-CONSTRUCT S.R.L.",0
"MONTAJ-SV",0
"SC Silva Trading SRL",0
"GLOBAL SERVICE SRL",0
"ŞARM S.A.",0
"SAGITOD - GRUP S.R.L.",0
"MODERN SISTEM S.R.L.",0
"S.C. BITPROGRAM S.R.L.",0
"S.C. DIVERTIS SERVICE S.R.L.",0
"Î.S. CENTRUL DE PREGĂTIRE A SPECIALIŞTILOR PENTRU ARMATA NAŢIONALĂ",0
"S.C. LANJERONIC S.R.L.",0
"S.C. OLPOLEMN S.R.L.",0
"C.P. SVIMUN - PRIM",0
"S.C. ARHIDOC S.R.L.",0
"S.C. ELECTROPRIM-RS S.R.L.",0
"AIR MOLDOVA О.S.",0
"SC VODIMEDICOR SRL",0
"SC Casa-Invest SRL",0
"PROFNATIN S.R.L.",0
"GITISI S.R.L.",0
"PALEX-SERVICE SRL",0
"ANDIRA-PRIM S.R.L.",0
"ENDO-CHIRURGIE S.R.L.",0
"Î.M. ĂИПРÎСТРÎЙМÎСТ-М S.R.L.",0
"SIMBO-PROIECT S.R.L.",0
"Î.M. MASTER SYSTEMS S.R.L.",0
"Vadim Colţov ",0
"S.S.M.-CONSULTING S.R.L.",0
"LEXASIGUR S.R.L.",0
"RE-AKTIV LLC",0
"Î.C.S. Societatea de Audit BDO AUDIT & CONSULTING S.R.L.",0
"S.C. DENOLGA MEDICAL S.R.L.",0
"Î.M. ALMOR-PLUS S.R.L.",0
"VIMPEX-SV S.R.L.",0
"S.C. PODURI PRIM S.R.L.",0
"UNIVERS  EDUCAŢIONAL S.R.L.",0
"I.I. TATIANA ZUBCOVA",0
"ALISIDORA-SVV S.R.L.",0
"USFRUMAX S.R.L.",0
"Î.S. INSTITUŢIA OSC-29/6",0
"GHEVIANU-M S.R.L.",0
"Î.C.S. UNITED ELECTRIC INDUSTRY S.R.L.",0
"STICLĂMONT S.A.",0
"TOPIMOBIL S.R.L.",0
"F.P.C. ARSEC S.R.L.",0
"DAC-SPECTROMED S.R.L.",0
"S.R.L. NALAD-CA-COMERŢ",0
"Î.C.S. GLOBALPHARM COMPANY S.R.L.",0
"S.C. DIDAC-COM S.R.L.",0
"S.C. LERAI GRUP S.R.L.",0
"Asociația Patronală Federația Patronală a Constructorilor, Drumarilor și a Producătorilor materialelor de Construcţie ”Condrumat”",0
"S.C. VICONS-SERVICE S.R.L.",0
"S.C. IRINDA PRIM S.R.L.",0
"PIACENTI RESTAURARE S.R.L.",0
"S.C. LINIA NOVA S.R.L.",0
"S.C. AZICA-GRUP S.R.L.",0
"ZAGAICIUC FIODOR О.I.",0
"S.C. MEDEC-SERVICE S.R.L.",0
"S.C. DARCONSTRUCT MRVD S.R.L.",0
"AURORA-STROI S.R.L.",0
"REMCOR-RAPID S.R.L.",0
"MAGISTRALA-NORD S.R.L.",0
"S.C. NEPACONPLAST S.R.L.",0
"BRAGA & COMPANY S.R.L.",0
"HOTEL DACIA S.R.L.",0
"S.C. ROSSOFT S.R.L",0
"ZÎMBET S.R.L.",0
"INFO-TRUST CONSULTING S.R.L.",0
"ADOLESCENŢA Î.S.",0
"CAMPINGUL DIN VADUL LUI VODĂ S.R.L.",0
"S.C. KRAFTSAC S.R.L.",0
"CAMONIR S.R.L.",0
"S.C. NELEDIMPEX S.R.L.",0
"Cantina LICEIST Î.S.",0
"S.C. DROMAS-CONS S.R.L.",0
"POLIMER GAZ CONSTRUCŢII S.R.L.",0
"MARIN-NAVAL-GRUP S.R.L",0
"S.C. ART BUSINESS CLUB S.R.L.",0
"Firma VESTA S.R.L.",0
"S.C. TVARITA-TRANSGAZ S.R.L.",0
"BUCURIA-EL Î.S.",0
"DANUBIUS S.R.L.",0
"RUGIDAVA S.R.L.",0
"S.R.L. MOLPRIM-COM",0
"S.R.L. PROPRIETAR PLAST",0
"PROMTEHGAZ S.A.",0
"F.P.C. VALIS S.R.L.",0
"INSTITUTUL DE PROIECTĂRI PENTRU ORGANIZAREA TERITORIULUI Î.S.",0
"DOICOV VALERIAN VASILI",0
"GHEORGAL-C S.R.L.",0
"S.C. HARD-TEH S.R.L.",0
"GLORILUM-PRIM S.R.L.",0
"S.C. ACRAGLOB-CONS S.R.L.",0
"ANDRONIX-DIN S.R.L.",0
"COMPANIA ELECTRICĂ S.A.",0
"MIC-TAN S.R.L.",0
"IURITANA S.R.L.",0
"ENELCONSTRUCT S.R.L.",0
"ERICON S.R.L.",0
"CHIRPII ALEXANDRU FEODOR",0
"DRUMURI-COMRAT S.A.",0
"STINCOM SERVICE S.R.L.",0
"INFO-PRIM NEO S.R.L.",0
"MONCOMTEX S.R.L.",0
"URBANPROIECT Î.S.",0
"OLCRISCOM S.R.L.",0
"COMPANIA ALBINSTAL S.R.L.",0
"CONSTRONG S.R.L.",0
"LUXCONSISTEM S.A.",0
"Î.C.S. MED CARE S.R.L.",0
"SERVICIUL ASISTENŢĂ BENEFICIARI LA OBIECTELE SOCIALE Î.S.",0
"S.R.L. CASCOM - LUX",0
"Vlad-Iustin Tica ",0
"S.C. LEMN COMERŢ S.R.L.",0
"ASTRAL-PROIECT S.R.L.",0
"COMBINATUL POLIGRAFIC DIN CHIŞINĂU Î.S.",0
"FLORĂRIE S.A.",0
"EDITURA DIDACTICĂ LUMINA О.S.",0
"SILIRS S.R.L.",0
"BLITZ POLIGRAF S.R.L.",0
"SPECIMEN S.R.L.",0
"S.R.L. MADION-NORD",0
"INOVATEC S.R.L.",0
"POJTEH-GRUP S.R.L.",0
"CONSTRUCTORUL-GARABAJIU Î.I.",0
"S.C. CARNALS GRUP S.R.L",0
"AMAGER-COM S.R.L.",0
"S.C. ENERGECONOM S.R.L.",0
"DRUMURI-STRĂŞENI S.A.",0
"S.C. DUBLU SENS S.R.L",0
"S.C. BRODEŢCHI S.R.L.",0
"CHISTRUGA IVAN VLADIMIR",0
"FALER-EXIM S.R.L.",0
"SEMAFOR-SERVICE S.R.L.",0
"S.C. GRAFICON-AV S.R.L.",0
"RUVICONSTRUCT S.R.L.",0
"ACADEMIA DE ADMINISTRARE PUBLICĂ DE PE LÎNGĂ PREŞEDINTELE REPUBLICII MOLDOVA",0
"S.C. NEOCOMPUTER GRUP S.R.L.",0
"S.A.D. PROIECT S.R.L.",0
"Î.M. DIRECŢIA DE CONSTRUCŢII CAPITALE COMANDITAR UNIC ORAŞULUI BALŢI",0
"George Cristian  ALECU ",0
"F.P.C. PRODOMUS S.R.L.",0
"S.C. MUNTEAN-CONFINIS S.R.L.",0
"Asociatia Contabililor si Auditorilor Profesionisti din Republica Moldova",0
"CASA-CRISTEA Î.I.",0
"FLOR FAR S.A.",0
"SANTO-M S.A.",0
"PROSCON-LUX S.R.L.",0
"BELOCTAN S.R.L.",0
"SNV INVEST S.R.L.",0
"S.C. ELIGIBIL-CON S.R.L.",0
"RESTMED S.R.L.",0
"S.C. BIROLUX-MT S.R.L.",0
"S.C. CONSCOMVAL S.R.L.",0
"S.A. DRUMURI CAHUL",0
"TERRASISTEM S.R.L.",0
"COMERŢ-MAGOR S.R.L.",0
"DERMENGI ION ION",0
"FISCSERVINFORM Î.S.",0
"S.C. GAROMONT-STUDIO S.R.L.",0
"S.C. AERSIS-MF S.R.L.",0
"CAMERA DE COMERŢ ŞI INDUSTRIE A REPUBLICII MOLDOVA",0
"CORNICONS S.R.L.",0
"ALEXION STAR S.R.L.",0
"S.R.L. GOLIAT-VITA",0
"S.R.L. MEDPUNKT",0
"IURCRIS S.R.L.",0
"S.R.L. TEHNOSTEL-CAR",0
"AQUATEH S.R.L.",0
". SC Mihcons Plus SRL ",0
"S.C. CRINIC GRUP S.R.L.",0
"DACVI-COM S.R.L.",0
"Vasilachi Ion Constantin GȚ",0
"S.C. CHIRA-PRIM S.R.L.",0
"O-Video S.R.L.",0
"VLASERCOM S.R.L.",0
"PIAŢA CENTRALĂ Î.M.",0
"RCF-PRIM S.R.L.",0
"S.C. FASCONS PLUS S.R.L",0
"ROM-VIC S.R.L.",0
"MEDGLOBALFARM S.R.L.",0
"PROMEDTEH-SERVICE S.R.L.",0
"ILONET - PRIM S.R.L.",0
"S.C. UNGUREANU-CONS S.R.L.",0
"CENTRUL REPUBLICAN EXPERIMENTAL PROTEZARE, ORTOPEDIE ŞI REABILITARE Î.S.",0
"VOIAJ INTERNAŢIONAL & CO S.R.L.",0
"S.C. ALDOS GRUP S.R.L.",0
"GLOBEINVENT S.R.L.",0
"MIVERON-COM S.R.L.",0
"Lights Up Professional SRL",0
"FLOWER BLOOM S.R.L.",0
"FEODORA CONSTRUCT S.R.L.",0
"S.R.L. NBU-PROIECT",0
"DAC-SPECTROMED",0
"GBG-MLD S.R.L.",0
"ELTAVIUTEX S.R.L.",0
"POLISIMBOL S.R.L.",0
"Asociația Obștească Consiliile Americane pentru Învățămînt Internațional  Moldova ""AO ACTR-ACCELS""",0
"ÎNTREPRINDEREA DE DESERVIRE TEHNICA DIN BARDAR S.A.",0
"DECEBAL-IMPEX S.R.L.",0
"S.C. ITSC PLUS S.R.L.",0
"S.C ANSTELUX S.R.L",0
"BOMI-SERVIS S.R.L.",0
"GARANT DESIGN S.R.L.",0
"ECO URBAN S.R.L.",0
"GEMENII-SÎRBU Î.I.",0
"OLTIME S.R.L.",0
"S.R.L. OSCAN IMPEX",0
"LEGION-GRUP S.R.L.",0
"Centrul de Teatru din Moldova",0
"Î.S. RUSSCA",0
"Î.I. BEZNOS VICTOR",0
"S.C. POLIMONTAJ S.R.L.",0
"S.R.L. PALDIM SD",0
"Î.M. EDIL CONS LENIC S.R.L.",0
"FIRMA ORHEI-LADA-SERVICE S.R.L.",0
"OBADĂ GRUP S.R.L.",0
"CORTAMCOL S.R.L.",0
"PROFCAR TRADE S.R.L.",0
"SRL MONCOMTEX",0
"INDUSTRIALPROIECT S.R.L.",0
"S.A. REŢELELE TERMICE CAHUL",0
"S.R.L. ALEXCEB-SUD",0
"Î.C.S. CRISTINA MOLD-ROM SIMPEX S.R.L.",0
"S.C. BIOLAB-COM S.R.L.",0
"OPM SOLUŢII S.R.L.",0
"MENALINA IMPEX S.R.L.",0
"Casa de Comerţ NORVID-GRUP S.R.L.",0
"S.C. A.D.M.-C. S.R.L.",0
"ACVAN PLUS S.R.L.",0
"S.C. MEDIAPROSPECT S.R.L.",0
"INSTITUTUL DE ŞTIINŢE ALE EDUCAŢIEI",0
"S.C. FOREMCONS S.R.L.",0
"Î.M. JOLLY ALON S.A.",0
"GIBEONA-PLUS S.R.L.",0
"IMPRIMARE-COM S.R.L.",0
"PROTECŢIA PLANTELOR Î.S.",0
"S.C. PRESTIGIU-AZ S.R.L.",0
"Î.M. PROJECT CONSULTING NETWORK S.R.L.",0
"DSRM-3 S.A.",0
"Agent de Asigurare ATTERA COMPANY S.R.L.",0
"PRODAGROTRADE S.R.L.",0
"DI & TRADE ENGINEERING S.R.L.",0
"GRAFICART S.R.L.",0
"LAXVA COM S.R.L.",0
"Reprezentanţa S. A. INTRASOFT INTERNATIONAL",0
"Î.M. ""ТÎРĂÎÂЫЙ ДÎМ ""ÎДЕСКАБЕЛЬ-МÎЛДÎÂА"" S.R.L.",0
"S.C. NUMEX&CO S.R.L.",0
"CREDO-C S.R.L.",0
"S.R.L. TRIDIMENSIONAL TEC",0
"MS-PROD S.R.L.",0
"S.C. CUCURUZ NICOLAE S.R.L.",0
"IZVORUL CUCULUI S.R.L.",0
"Caisley International GMBH",0
"FERTILITATEA-CHIŞINĂU S.A.",0
"AGROFERMOTECH S.R.L.",0
"Centrul regional de dezvoltare socio economica",0
"UNDECIMA S.R.L.",0
"F.P.C. CARNEX S.R.L.",0
"S.R.L. VICTAD - VM",0
"PSP ONLINE S.R.L.",0
"Î.C.S. GENESIS INTERNATIONAL S.R.L.",0
"PANIFCOOP a URECOOP din Strгєeni",0
"Î.M. BADPRIM S.R.L.",0
"PROINCON S.R.L.",0
"CORDACOM S.R.L.",0
"S.C. CAMIAR- DESIGN S.R.L.",0
"MODASTIL-PRIM S.R.L.",0
"DROSTAL S.R.L.",0
"PRINT FILE S.R.L.",0
"S.C. CONSISTCOM S.R.L.",0
"Î.C.S. RELIABLE SOLUTIONS DISTRIBUTOR S.R.L.",0
"CASA-CRISTEA О.I.",0
"Î.M. ECOPOWER S.R.L.",0
"S.C. CONSULTING, ENERGIE ŞI COMERŢ S.R.L.",0
"S.C. IMVOCOM-PRIM S.R.L.",0
"HELIO S.R.L.",0
"S.C. SOLGON - I S.R.L.",0
"O.P. A.P.S.P.- GRUP S.R.L.",0
"College of Europe",0
"TEHNOMEDICA S.R.L.",0
"ARNIT-PRIM S.R.L.",0
"EDIF-CONSTR S.R.L.",0
"AGENȚIA ROMÂNĂ DE ASIGURARE A CALITĂȚII ÎN ÎNVĂȚĂMÎNTUL SUPERIOR - ARACIS",0
"S.C. NEOTON COM S.R.L.",0
"POŞTA MOLDOVEI О.S.",0
"IUGINTERTRANS S.A.",0
"CONSEUROSTIL S.R.L.",0
"ILP SRL",0
"S.B.-FAINEX S.R.L.",0
"DELEU-DELEV О.I.",0
"SG MEDIA M1 S.R.L.",0
"NINA & ASN S.R.L.",0
"STAŢIUNEA BUCURIA-SIND S.R.L.",0
"S.C. MCI & CO-CONSTRUCT S.R.L.",0
"AVANTAJ-MĂS S.R.L.",0
"GT Belivaca Mihail Alexei",0
"VARGUS-GRUP S.R.L.",0
"CARTUŞ Î.S.",0
"AMELINA-MOB S.R.L.",0
"S.R.L. TERRA ARB GRUP",0
"PASCARI PAVEL Î.I.",0
"FERTILITATEA-IALOVENI S.A.",0
"Î.S. ÎNTREPRINDEREA DE REPARARE ŞI EXPLOATARE AUTO",0
"CENTRUL AUTO KAMAZ S.R.L.",0
"S.C. MEDORIENTSTAR S.R.L.",0
"Î.I. MADAN ANA",0
"S.C. PROFSISTEM S.R.L.",0
"S.C. SONARIS - COM S.R.L.",0
"COLPRODCOOP DIN OR.ORHEI A MOLDCOOP",0
"S.C. P.V. CONST-SERVICE S.R.L.",0
"ELVE-CONSTRUCT S.R.L.",0
"MEDIA-SECURITY S.R.L.",0
"ALG CAPITAL S.R.L.",0
"S.C. SENVEROL S.R.L.",0
"Î.C.S. DIAMEDIX IMPEX S.R.L.",0
"DRUMURI-BĂLŢI S.A.",0
"S.R.L. ENDOSONOMED",0
"GEMBIRD S.R.L.",0
"PROFILABDIAGNOSTIC S.R.L.",0
"FABRICA DE UNT DIN FLOREŞTI S.A.",0
"DATARIO S.R.L.",0
"S.R.L. DAMITEX GRUP",0
"Dzeţul Lilian ",0
"Sajin MED-M-COMERT SRL Ludmila",0
"SET-SERVICE S.A.",0
"ROMEDCOM S.R.L.",0
"UNFLORIA S.R.L.",0
"Agenţia de Pază BAY KUŞ S.R.L.",0
"S.R.L. ALFIN SERVICE",0
"FORTRESS S.R.L.",0
"CARNPRODLUX S.R.L.",0
"MONOTIP S.A.",0
"COMBINATUL DE PANIFICAŢIE FĂLEŞTI",0
"AG MEDICAL S.R.L.",0
"BORINTEX S.R.L.",0
"VIDEOZOOM S.R.L.",0
"MARKET-PRIM NR.15 S.R.L.",0
"S.R.L. PROXIMUS - PRIM",0
"Î.C.S. MEGASTROI S.R.L.",0
"LIDIA COICA Î.I.",0
"COTUNĂ R.A. Î.I.",0
"S.R.L. GOLD-CONSTRUCT",0
"Î.I. SINDI-TAMOJNIC",0
"FLORMODERN S.R.L.",0
"FRIGUŞOR-CHIOSA Î.I.",0
"GALORES S.R.L.",0
"DRUMURI-SOROCA S.A.",0
"S.A. DAAC-OLIMP",0
"EUROSERVICES CLEANING S.R.L.",0
"PANIFCOOP a URECOOP din Străşeni",0
"GRUP VICOLIV  SRL",0
"VIORICA-COSMETIC S.A.",0
"Î.S. CENTRUL DE TELECOMUNICAŢII SPECIALE",0
"STIINTA SI INOVARE PUBLICATIE PERIODICA",0
"Î.S. CENTRUL DE METROLOGIE APLICATĂ ŞI CERTIFICARE",0
"S.R.L. DACROM GRUP",0
"AUTOBAZA ACADEMIEI DE ŞTIINŢE A MOLDOVEI Î.S.",0
"Î.M.C.C.P. AD REM S.R.L.",0
"F.P.C. DEPO-TRIFARM S.R.L.",0
"HIDROTEH CONSTRUCT S.R.L.",0
"S.R.L. RENIUR - CONS",0
"CATANOI MAXIM FILIP",0
"S.R.L. SMALCON PRIM",0
"Î.M. GHERMED-K S.R.L.",0
"J.N.N.-GRUP S.R.L.",0
"SC Casa Invest SRL",0
"O.P. VIDEO ACCES SISTEM S.R.L.",0
"INTRALEX C & C S.R.L.",0
"S.R.L. NUFĂR-CIA",0
"PROMEDLEX S.R.L.",0
"STATIMUS PRIM S.R.L.",0
"S.C. RUTA-PRIM SERVICE S.R.L.",0
"MEDICAMENTUM S.A.",0
"PLATON-LUNGU DORINA GHEORGHE",0
"BALNEO-EXPRES S.R.L.",0
"MOBILEMN GRUP S.R.L.",0
"Î.C.S. S & T MOLD S.R.L.",0
"ONEGA-M S.R.L.",0
"S.C. „Revismed” S.R.L.",0
"S.C. COPMAN-SERVICE S.R.L.",0
"CAPITOLES PARK S.R.L.",0
"F.P.C. INVEST-FOND S.R.L.",0
"CHIŞINĂUPROIECT Î.M.",0
"CHIMCONSULT S.R.L.",0
"S.R.L. ALANCRIS",0
"Asociaţia Obştească ""Asociaţia Presei Independente""",0
"F.P.C. MIH-PETROL S.R.L.",0
"ALL EVENTS S.R.L.",0
"CRIZANTEMA О.S.",0
"DIXAPEL S.R.L.",0
"TRANSMED IMPORT S.R.L.",0
"BDR ASSOCIATES-STRATEGIC COMMUNICATION S.R.L.",0
"TEMEI-VTAC S.R.L.",0
"S.C. IUNAVIT - CON S.R.L.",0
"S.C. PLASTEXIM - NORD S.R.L.",0
"S.C. ASUSCOM-EXIM S.R.L.",0
"GRINVITAS - AUTO S.R.L.",0
"ALFAFAVORIT CONSTRUCT S.R.L.",0
"S.C LIDER - COMPLET S.R.L",0
"TERRA-LIG S.A.",0
"RESACONS-STR S.R.L.",0
"VOCAŢIE S.R.L.",0
"GALCHIM & CO S.R.L.",0
"GABRINA-PRIM S.R.L.",0
"S.R.L. CONTROL & SERVICE",0
"CIREŞAR-ŞTEFĂNICĂ О.I.",0
"ASTORIA PLUS SRL",0
"UTI SYSTEMS INTERNATIONAL S.R.L.",0
"NORTON S.R.L.",0
"LABORATOR MEGA S.A.",0
"S.R.L. FLUXMEŞTER-V.A.",0
"TIPOGRAFIA ACADEMIEI DE ŞTIINŢE A MOLDOVEI О.S.",0
"S.C. ORSERVITOL S.R.L.",0
"S.C. OLTEX-AQUA S.R.L.",0
"S.C. SETIMETO GRUP S.R.L.",0
"Î.C.S. EPSILON MEDICAL S.R.L.",0
"Î.I. OXANA EDINAC",0
"POLISANO PRIM S.R.L.",0
"DAGAZ&FEHU S.R.L.",0
"S.R.L. LORANCE",0
"S.C. AMBIANT CLIMAT S.R.L.",0
"COOP UNIVERSALCOOP CANTEMIR",0
"CONIG PRIM S.R.L.",0
"S.C. EXPOCOSTAS S.R.L.",0
"VISIOSYSTEMS S.R.L.",0
"S.C. NETSISTEM S.R.L.",0
"RAPID CURIER S.R.L.",0
"MAXTOM LUX S.R.L.",0
"S.C. MEGARESURS-COM S.R.L.",0
"SISTEM ATIS S.R.L.",0
"SOVILERUS S.R.L.",0
"S.R.L. LECOCONS",0
"S.C. PRO-MAPIX S.R.L.",0
"P.P. PATRIA",0
"Î.M. BIROUL ARHITECTURĂ ŞI SISTEMATIZARE",0
"DRUMURI-CRIULENI S.A.",0
"SilvaTrading SRL",0
"SERVICII CURĂŢENIE S.R.L.",0
"PROIECT GABION S.R.L.",0
"S.R.L. ASINV",0
"Î.S. CENTRUL DE CARANTINĂ, IDENTIFICARE, EXPERTIZE DE ARBITRAJ ŞI DEZINFECTARE A PRODUCŢIEI",0
"WHITE STAR S.R.L.",0
"Î.M. Broker de Asigurare - Reasigurare SOCIETE DE COURTAGE S.R.L",0
"EXDRUPO Î.M.",0
"S.R.L. VASSY TRADE",0
"S.C. TOPTEHIMPEX S.R.L.",0
"CRIZANTEMA Î.S.",0
"Î.I. ŞCHIOPU LUDMILA",0
"VOTCONSTRUCT S.R.L.",0
"IULICONS GRUP S.R.L.",0
"S.C. CALBOR GRUP S.R.L.",0
"SC BALNEOSERVICE-BOBROV&C SRL",0
"S.C. LUCEAFĂRUL DE SEARĂ S.R.L.",0
"Î.I. LIPOVAN-VECTRA",0
"INDUSTRIALCAR-COM S.R.L.",0
"Î.C.S. EYECON MEDICAL S.R.L.",0
"O.P.P. ALFIN-PROTECT S.R.L.",0
"S.C. DIROVE-NORD S.R.L.",0
"DIARSE-TEHNIC S.R.L.",0
"TAXAR-AGRO S.R.L.",0
"EUROTIR-TRANS S.R.L.",0
"DIN-VEST S.R.L.",0
"TESTOR S.R.L.",0
"FARMACIA COJUŞNA S.R.L.",0
"Sanatoriul NUFĂRUL ALB S.R.L.",0
"S.A. DRUMURI-BRICENI",0
"NOBIL INVEST S.R.L.",0
"A.F.Marcotec Bucuresti - Consulting, Engineering, Marketing S.R.L.",0
"S.C. DIATA-PLUS S.R.L.",0
"SMARTINVEST S.R.L.",0
"TRICOLUX S.R.L.",0
"SIMONOV DUMITRU VICTOR",0
"NEOTEHNOLUX S.R.L.",0
"SATURN-PAVLOV II",0
"AIM VOIAJ S.R.L.",0
"Î.C.S. KPMG MOLDOVA S.R.L.",0
"S.C. IURCONSTRUCT S.R.L.",0
"ECOAER CLIMAT S.R.L.",0
"SC Sante International SA",0
"S.R.L. VALOR CONSTRUCT",0
"Î.M. INTERFOBOS GRUP S.R.L.",0
"CONS-SIT-GRUP S.R.L.",0
"DC WEBSOFT S.R.L.",0
"Î.S. COMBINATUL DE DESERVIRE SOCIALĂ",0
"COMBINATUL POLIGRAFIC DIN CHIŞINĂU О.S.",0
"BLOCNOTES S.R.L.",0
"CENTRUL RESURSELOR INFORMAŢIONALE DE STAT ""REGISTRU"" О.S.",0
"BUJOR SPORT S.R.L.",0
"EDITURA UNIVERSUL О.S.",0
"BIROGRUP MARKET S.R.L.",0
"REGLET-MAX S.R.L.",0
"Î.C.S. EMIL & IAN SERVICE S.R.L.",0
"CENTRUL SPORTIV DE PREGĂTIRE A LOTURILOR NAŢIONALE",0
"TUVKarpat",0
"MEDISAN О.S.",0
"S.C. ANICOM & CO S.R.L.",0
"TORPEDO COOP",0
"S.C. DARAMAX-COM S.R.L.",0
"COMPUTEX S.R.L.",0
"S.C. MIDAND MED & CO S.R.L.",0
"WIZCONTABIL S.R.L.",0
"S.C. LISNIC GRUP S.R.L.",0
"S.C. CLIMACONTROL S.R.L.",0
"GRAUR ALEXANDRU Î.I.",0
"DONAL-ELECTRO S.R.L.",0
"C.P. DACIA-90",0
"CLUBUL SPORTIV CENTRAL AL ARMATEI",0
"S.R.L. VIPROMED SERVICE",0
"ENERGGRUP BT S.R.L.",0
"ROYAL PUBLIC S.R.L.",0
"QUEEN'S RESIDENCE PARK S.R.L.",0
"S.C. ANDIGOR S.R.L.",0
"FORA & C S.R.L.",0
"""SAFCONS""  ",0
"ALLA MARIN MIHAIL",0
"RĂDIŢA NICOLAE ŞTEFAN",0
"LOVIS ANGRO S.R.L.",0
"S.R.L. PAVERGAL - UNIC",0
"S.R.L. TALVA TRADE",0
"DEEPLACE S.R.L.",0
"ALFA ELECTRO-MONTAJ GRUP S.R.L.",0
"S.C. ARCADA-PLAST S.R.L.",0
"S.C. PUBLIC MEDIA GRUP S.R.L.",0
"S.C. TEHNOCLIMAT S.R.L.",0
"GABYLEX S.R.L.",0
"S.C. REŢELE TERESTRE S.R.L.",0
"Î.C.S. SANPRODMED S.R.L.",0
"TANCRAD INTERNATIONAL S.R.L.",0
"APROVIZIONARE Î.M.",0
"DANT-AGRO S.R.L.",0
"Î.I. SAVCIUC OXANA",0
"AVDARMA PROECT S.R.L.",0
"Eugen  BASS Systems SRL ",0
"TANDAREL  GRUP S.R.L.",0
"RISCANI-SC Î.S.",0
"GHEORGHE LECA Î.I.",0
"S.C. T-PAR S.R.L.",0
"TROCIN ION GHEORGHE",0
"S.R.L. ALLCHIM CO",0
"TAMKAR S.R.L.",0
"Liana- Intermedia",0
"ООО""Приморъе""",0
"S.C. DANIELA BUJOR S.R.L.",0
"LIFTMONTAJ S.A.",0
"F.P.C. AVOLVODA S.R.L.",0
"PREMIUM-PROD S.R.L.",0
"ARH-EST STUDIO S.R.L.",0
"S.R.L. MOTARI LUX",0
"S.C. RODITAL- LUX S.R.L.",0
"FPC AGAS-ROS S.R.L.",0
"S.R.L. ALEXCONSTRUCT",0
"CARUN SRL",0
"S.C. LUXGAZ S.R.L.",0
"ADRIKA S.R.L.",0
"TECHNO-INOX S.R.L.",0
"BINAMEX-M S.R.L.",0
"S.R.L. CONAPRIM GRUP",0
"""ADORMOBILA"" SRL",0
"""ADOR MOBILA"" SRL",0
"Rapiscan Systems LTD",0
"EVOSISTEM & COM S.R.L.",0
"LITERA A.V.N. S.R.L.",0
"P.P. ODORAŞUL S.R.L.",0
"TEHNO-NAVIGARE S.R.L.",0
"MOTOR STAR S.R.L.",0
"NICONES-GRUP S.R.L.",0
"S.C. GT-TEHNOLOGII S.R.L.",0
"S.C. ANELITA PRIM S.R.L.",0
"AROXAN SERVICE S.R.L.",0
"SC AF Marcotec Bucuresti CEM SRL",0
"XEROTON S.R.L.",0
"MEDINTERGRUP S.R.L.",0
"SEVASTIAN-ALFA Î.I.",0
"MARKETING & PR S.R.L.",0
"S.C. TEHMOTIV S.R.L.",0
"STEJAUR-MARKET S.A.",0
"MN SPERANŢA S.R.L.",0
"NUFĂRUL S.A.",0
"AGW EXPERT GROUP S.R.L.",0
"S.R.L. ACUSTMED",0
"VOLARE-TUR S.R.L.",0
"S.C. IT SERVICE PRO S.R.L.",0
"S.R.L. CRASTEIA-AURICA",0
"S.R.L. MACELARIA",0
"MAGAZINUL UNIVERSAL CENTRAL ""UNIC"" S.A.",0
"S.C. PRODVIXON S.R.L.",0
"CENTRUL DE SĂNĂTATE PUBLICĂ MUNICIPAL BĂLŢI",0
"Î.I. MARDARI POLINA VASILE",0
"MARIA GLODEANU S.R.L.",0
"S.R.L. SERVICII URBANE",0
"SANINTRADE S.R.L.",0
"SMART ID DYNAMICS S.R.L.",0
"AGROFIRMA UNIVERSAL S.R.L.",0
"S.R.L. ANGRO-SUD",0
"COOP REMONTNIC",0
"GENESIS INTERNATIONAL S.R.L.",0
"CONSTRUCT AGENT GRUP S.R.L.",0
"ALEX-B S.R.L.",0
"S.R.L. STARLINE TEXTILE",0
"Î.C.S. ARGUS-TEH S.R.L.",0
"REPELCOM S.R.L.",0
"Î.M. EUROPEAN SOFTWARE COMPANY S.R.L.",0
"HOTELUL ZAREA О.S.",0
"S.C. LABITON S.R.L.",0
"SANAIR-SERVICE S.R.L.",0
"BELMOND-PRINT S.R.L.",0
"ELEN-CRIS GRUP S.R.L.",0
"DIRON S.A.",0
"S.R.L.,,Tehnic Consulting Engineering România",0
"Î.C.S. SPICA VZI S.R.L.",0
"S.R.L. MAXTEH DESIGN",0
"S.C. TOTAL GRAVURĂ S.R.L",0
"S.C. BLANCONSTRUCT S.R.L.",0
"S.R.L. ,,Gloria,,",0
"S.C. AMFITECONS S.R.L.",0
"MARDARI IURIE DUMITRU",0
"S.A. TIPOGRAFIA  ŞTEFAN-VODĂ",0
"ASOCIAŢIA OBŞTEASCĂ „AGENŢIA NAŢIONALĂ DE DEZVOLTARE RURALĂ (ACSA)”",0
"S.C. GLOBU LUX S.R.L.",0
"Î. I. SIMION  CLIPA",0
"S.C. SERVTEL-ELECTRO S.R.L.",0
"URBANPROIECT О.S.",0
"S.A ,,Drumuri Cantemir,,",0
"CP CROMATOGRAF",0
"EXIMOTORS.A.",0
"S.C.XPERT PCS.R.L.",0
"SERVALUXS.R.L.",0
"S.C.DIDAC-COMS.R.L.",0
"APEXPROS.R.L.",0
"Î.C.S.LUKOIL-MOLDOVAS.R.L.",0
"DECEBAL-IMPEXS.R.L.",0
"Î.C.S.PETROM-MOLDOVAS.A.",0
"Î.S.Servicii Pazăa MAI",0
"Î.M.KABION-MEDICALS.R.L.",0
"Î.M.VINAMEXS.R.L.",0
"SRLSTAŢIUNEA BALNEOCLIMATERICĂ CODRU",0
"TRIVIMOLS.R.L.",0
"C.A.ASTERRA GRUPS.A.",0
"Î.M.DUTCHMED-MS.R.L.",0
"SAGITOD - GRUPS.R.L.",0
"Î.I.NOVIŢCHII SERGHEI",0
"Î.M.VIVAMED INTERNATIONALS.R.L.",0
"Î.M.GBG-MLDS.R.L.",0
"Î.C.I.S. DELOITTE & TOUCHE S.R.L.",0
"Î.C.S. BAKER TILLY KLITOU AND PARTNERS S.R.L.",0
"S.C.TEHNO CONSULTING & DESIGNS.R.L.",0
"POŞETĂ DE LUX S.R.L.",0
"II Novitchii Serghei",0
"F.P.C. F.P.C. OMEGA S.R.L.",0
"Î.M. ISEPS-FARMA S.R.L.",0
"ALMIRA S.R.L.",0
"CARTUŞ О.S.",0
"NICOST-EXIM S.R.L.",0
"CONTABILITATEA CENTRALIZATĂ",0
"EDERA TRIO S.R.L.",0
"S.P.B. CONSTRUCTORUL О.S.",0
"Casa Invest",0
"S.C IMCOMVIL GRUP S.R.L",0
"DIDILICĂ VIORICA PETRU",0
"TECHNO-TEST S.R.L.",0
"MEGAINSTAL S.R.L.",0
"PROFI-STIL S.R.L.",0
"S.C. PARTENIA-SERVICE S.R.L.",0
"MILIOM AUTO S.R.L.",0
"S.R.L. STELELE VIITORULUI",0
"S.C. ANIPLAN S.R.L.",0
"MOORE STEPHENS KSC S.R.L.",0
"DRUMURI IALOVENI S.A.",0
"DRUMURI-RÎŞCANI S.A.",0
"FRABO GRUP S.R.L.",0
"PROLEOCONSTRUCT S.R.L.",0
"AGRO-TIRAS S.R.L.",0
"C.C. UNIVERSCOOP LEOVA",0
"ASOCIAȚIA BIBLIOTECARILOR DIN REPUBLICA MOLDOVA",0
"S.R.L. STUDIO - L",0
"P.P. PRIER INFO S.R.L.",0
"CENTRUL DE SĂNĂTATE PUBLICĂ RAIONAL ORHEI",0
"CRICOVA-VIN S.A.",0
"UISPAC S.R.L.",0
"S.C. AQUASTART GRUP S.R.L.",0
"TINUCRIS S.R.L.",0
"PANalytical B.V.",0
"COMPANIA DE ASIGURARE GALAS S.A.",0
"Editura ”Arc”",0
"AO „Institutul Casei Pasive”",0
"BEST FLOWERS S.R.L.",0
"VIVODENT S.R.L.",0
"QMS LIMITED S.R.L.",0
"IRILAND S.R.L.",0
"S.C. AUTO GHERA S.R.L.",0
"S.C. ""TOP GEOCART"" S.R.L.",0
"TOTAL MEDICAL SYSTEM S.R.L.",0
"S.C. CINC- STAR S.R.L.",0
"FLAVIRON S.R.L.",0
"SINDMOL S.R.L.",0
"S.R.L. ,,I.L.P.''",0
"INSTITUTUL MUNCII S.R.L.",0
"Î.M. MAPT S.R.L.",0
"S.C. OXIVIT-MED S.R.L.",0
"HOLIDAY-SERVICE S.R.L.",0
"D.V.V.-SHOW S.R.L.",0
"OWH TV Studio",0
"S.C. EVENTUS-PRIM S.R.L.",0
"Liana Intermedia SRL",0
"AUDIO-LINE S.R.L.",0
"S.C. OlSt-SERVICE S.R.L.",0
"AO ACTR-ACCELS",0
"ATI MOTORS HOLDING SRL",0
"GHEORGHE LECA О.I.",0
"GRAUR ALEXANDRU О.I.",0
"CENTRUL NAŢIONAL DE SĂNĂTATE PUBLICĂ",0
"INVENTCONSTRUCT S.R.L.",0
"Fresenius Medical ",0
"VINESTOP S.R.L.",0
"CITY TOUR S.R.L.",0
"AUTO-HEAD S.R.L.",0
"DP IMOBIL LUX S.R.L.",0
"AUDIT-COMPLEX S.R.L.",0
"S.B.I. S.A.",0
"CHEMIX GRUPP S.R.L.",0
"Î.M. CONSULTING SOFTWARE & INNOVATION S.R.L.",0
"CEGOLTAR S.R.L.",0
"S.R.L. LEVPROCONS S.R.L.",0
"Î.M. REDOX LAB SUPPLIES S.R.L.",0
"S.C. SBC-PROIECT S.R.L.",0
"ŞAHREVAR S.R.L.",0
"SPERANŢA S.R.L.",0
"CONSTRUCT-LUX TG S.R.L:",0
"VETFARM S.R.L.",0
"Casele de Odihnă şi Recuperare PERLELE NISTRULUI S.R.L.",0
"VENT SISTEM-COMPANIE CLIMATICA S.R.L.",0
"S.C. CRISMIRAD S.R.L",0
"S.C. PROMAGIS-PRIM S.R.L.",0
"DIAGROS IMOBIL GRUP S.R.L.",0
"TRIVENT COM S.R.L.",0
"S.R.L. DAVIDANMOBIL",0
"IASICON S.A.",0
"Colibri Media",0
"NEOSUPORT SERVICE S.R.L.",0
"DIGLA-STIL S.R.L.",0
"STAR STORGE S.A.",0
"S.C. ERGOPRIM S.R.L.",0
"APAST & CO S.R.L.",0
"CODRU-NORD S.A.",0
"AMBALAJ-BULBOACA S.A.",0
"Î.I. MIHAILUC ANDREI",0
"CANDISGAZ S.R.L.",0
"DIDL-RENOVAŢIA S.R.L.",0
"NOVADENT S.R.L.",0
"S.R.L. VINICER-PRIM",0
"INSTITUTUL DE PROIECTARE A SISTEMELOR DE GOSPODĂRIRE A APELOR ACVAPROIECT S.R.L.",0
"A.I. NIKA-IMOBIL S.R.L.",0
"S.C. NEOSCAN GRUP S.R.L.",0
"BREND AUTO S.R.L.",0
"S.C. CONSTRUCTGAZ S.R.L.",0
"S.C. ISEGEN-LUX S.R.L.",0
"S.C. LUMEA CALITĂŢII S.R.L.",0
"S.C. CHEMITRANS S.R.L.",0
"VOYAGE PRESTIGE S.R.L.",0
"S.C. ANDIX S.R.L.",0
"S.R.L. APĂ BUNĂ TRADE",0
"DRUMURI ORHEI S.A.",0
"C.C. UNIVERSALCOOP DIN CEADÎR-LUNGA",0
"P.P. CURIERUL DE HÎNCEŞTI S.R.L.",0
"S.C. PATRÎNICHI-STIL S.R.L.",0
"SRL ""Expodesign & Consulting""",0
"F.P.C. TACTICA S R L.",0
"BOGHI PAVEL PETRU",0
"S.R.L. REAL-PROGRES",0
"S.C. SAMOIL-COM S.R.L.",0
"PARCUL URBAN DE AUTOBUZE Î.M.",0
"PUBLICAŢIA PERIODICĂ A CONSILIULUI RAIONAL RÎŞCANI EVENIMENT - ACTUAL I.M.",0
"S.C. MAXIMOS-PAN S.R.L.",0
"FAVORIT-PROD S.R.L.",0
"P.P. ZIARUL CURIERUL DE EDINEŢ - MEDIAGRUP S.R.L.",0
"Î.S. DETAŞAMENTUL DE PAZĂ PARAMILITARĂ",0
"S.C. MAVLALUX-ELECTRIC S.R.L.",0
"IKA-EXPERT S.R.L.",0
"Sanatoriul,,Zootaia Niva""",0
"P.P. GAZETA DE SUD S.R.L.",0
"SUD-TERRA S.R.L.",0
"VENCIUR-REZERVĂ S.A.",0
"Compania SRL ""Albinstal"" ",0
"MAGISTRALA PRUT S.R.L.",0
"S.C. ROAUTO-PLUS S.R.L.",0
"CITY BROKER S.R.L.",0
"Î.I. IURCU ANA",0
"Î.M. GLUCK S.R.L.",0
"VICOLIV GRUP S.R.L.",0
"LAVIX S.R.L.",0
"CENTRUL NAŢIONAL DE VERIFICARE A CALITĂŢII PRODUCŢIEI ALCOOLICE Î.S.",0
"DIUXINOL S.R.L.",0
"COOP COOPALIMENTAŢIE A URECOOP DIN STRĂŞENI",0
"GLOBAL TRANS CONSTRUCTION S.R.L.",0
"S.C. EVM-ANGRO S.R.L.",0
"INSTITUŢIA PRIVATĂ CENTRUL PENTRU JURNALISM INDEPENDENT",0
"Centrul Internațional pentru Protecția și Promovarea Drepturilor Femeii ""La Strada""",0
"RUSNAC ANDREI PAVEL",0
"GOSPODĂRIA LOCATIV-COMUNALĂ IALOVENI О.M.",0
"CEBANU GRIGORII GHEORGHII",0
"Î.C.S. DELTA M.C.M. 93 S.R.L.",0
"SERVICIUL DE STAT PENTRU VERIFICAREA ŞI EXPERTIZAREA PROIECTELOR ŞI CONSTRUCŢIILOR Î.S.",0
"MIACOM S.R.L.",0
"S.C. NICOL FLORA S.R.L.",0
"S.R.L. INTERAGRO CONSCOM",0
"S.C. AQUA LIDER S.R.L.",0
"SC „TANCRAD” SRL",0
"MAESTRO CONSTRUCT S.R.L.",0
"ALGALIA S.R.L.",0
"AO „ECOCONTACT”",0
"S.C. POSTMODERN S.R.L.",0
"S.R.L.,,Tecnic Consulting Engineering,,",0
"PERLUVAL S.R.L.",0
"S.C. SUPRACOLOR SRL",0
"PASECINIK Î.I.",0
"Cantina LICEIST О.S.",0
"S.A. DRUMURI - CĂUŞENI",0
"PIAŢA CENTRALĂ О.M.",0
"DAAC-AUTOTEST S.R.L.",0
"PASARELA PLUS S.R.L.",0
"Î.M. TRIMARAN S.R.L.",0
"S.C. ARHSTUDIO CUB S.R.L.",0
"S.C. PRO VITEXTOP S.R.L.",0
"Î.M. IGIENA COMPANY S.R.L.",0
"DARNIC-GAZ S.A.",0
"S.C. ASEV-CONSTRUCŢIE S.R.L.",0
"S.C. NISPROFCON S.R.L.",0
"PROSPERUS-CONS S.R.L.",0
"S.C. TIERA GRUP S.R.L.",0
"SRL MOBILIS",0
"MAVARA GRUP S.R.L.",0
"S.C. NATALCOM S.R.L.",0
"INDUSTRIALPROIECT Î.S.",0
"VALDAN CONSTRUCT S.R.L.",0
"Antoine Tetaud ",0
"S.C. DSG-MONTAJ S.R.L.",0
"S.C. GEBHARDT-CONSTRUCT S.R.L.",0
"ROTARI V. Î.I.",0
"SPATIUM GRUP S.R.L.",0
"PRUT INTERNAŢIONAL S.R.L.",0
"S.C. ACMIA - CON S.R.L.",0
"S.C. STUDITERRA S.R.L.",0
"CASA NOBILĂ TM S.R.L.",0
"DRUMURI-VULCĂNEŞTI S.A.",0
"S.C. SETUM-CONSTRUCT S.R.L.",0
"SOLING S.A.",0
"Selex ES S.p.A.",0
"FIRMA MAGDA S.R.L.",0
"INTELECTSOFT S.R.L.",0
"S.C. BESTSMART CONSULTING S.R.L",0
"CALIGA VALERIU Î.I.",0
"I.Î. ŞCOALA PROFESIONALĂ NR.8 mun. Chişinău",0
"LUDMILA-BECU Î.I.",0
"SALMED GRUP S.R.L.",0
"Î.M. STROYENERGOGRUP S.R.L.",0
"ACGV ENERGOEXPERT SERVICE S.R.L.",0
"INCRUS S.R.L.",0
"UNIVERSITATEA TEHNICĂ A MOLDOVEI",0
"S.R.L. AZALTEND",0
"PINZARBANAT S.R.L.",0
"RACOVIŢĂ DANIEL Î.I.",0
"S.C EXIMDOR S.R.L",0
"CONINSAL S.R.L.",0
"YORK-REFRIGERENT S.R.L.",0
"VIVACE EXTRA S.R.L.",0
"S.R.L. ŞANGRILA-GRUP",0
"CAVATEH M S.R.L.",0
"UNIVERSITATEA DE STAT DE MEDICINĂ ŞI FARMACIE NICOLAE TESTEMIŢANU DIN REPUBLICA MOLDOVA",0
"F.C.I. CAPITAL S.R.L.",0
"RUBIN-216 S.A.",0
"AUTO-SAN PRIM S.R.L.",0
"S.C. A.S. VEST GRUP S.R.L.",0
"ALEXIRA-COM S.R.L.",0
"TEHNICA-INFO S.R.L.",0
"SLAVANS-GRAFICA S.R.L.",0
"S.C. C.V.R. - ELECTRO S.R.L.",0
"S.C. DIART INFO S.R.L.",0
"S.C. STIVUITOR S.R.L.",0
"ECO EVOLUTIONS S.R.L.",0
"SV REGAL CONSTRUCT S.R.L.",0
"ALIMAR-CONS S.R.L.",0
"Institutul Casei Pasive",0
"SAFCONS SRL",0
"MOBILCOMSERVICE S.A.",0
"S.A. DRUMURI-EDINEŢ",0
"PRESTAR-PLUS S.R.L.",0
"OZONTEH IMPEX S.R.L.",0
"4Rooms Switzeriand GmbH",0
"S.C. FOCALITY S.R.L.",0
"7 SERVICII IMOBILIARE S.R.L.",0
"140 DB RENT S.R.L.",0
"PANELECTRO S.R.L.",0
"LOWATT-ELECTRONICS S.R.L.",0
"F.C.P. REVERSIB SRL",0
"RENADEX - M S.R.L.",0
"CEBOTARI STANISLAV GRIGORE",0
"S.C. CONSFIRMGRUP S.R.L.",0
"LOGICALPOINT S.R.L.",0
"S.C. STRUCTURAL CONSTRUCT S.R.L.",0
"VL CONSULT SERVICE S.R.L.",0
"S.R.L. TERMOLIFE",0
"S.C. UNIVERSALMONTAJ S.R.L.",0
"EURO-SERVICE S.R.L.",0
"S.R.L. MUZCAFE PLUS",0
"S.R.L.”Bitunova România”",0
"ASCENDIS CONSULTING S.R.L.",0
"TOPLIDER S.R.L.",0
"S.R.L. DITA EDIL - PRIM",0
"S.R.L. CAROM - RS",0
"COMBINATUL DE VINURI DE CALITATE""MILEŞTII MICI"" О.S.",0
"ECHINOX S.R.L.",0
"T&T EMPRIO GROOP S.R.L.",0
"S.C. MILTON-PRIM S.R.L.",0
"GRUPUL PROIECTELOR INTELIGENTE S.R.L.",0
"SRL Neotech",0
"Î.C.S. ALEX S & E S.R.L.",0
"S.C. GLOBALCONECT S.R.L.",0
"PROFILAXIE-STOVBUN О.I.",0
"SC ”Neotech” SRL",0
"S.C. GALERIPROIECT S.R.L.",0
"FERONIA COOP",0
"GOLOVATÎI VASILI VASILI",0
"S.C. CLIMATE-SERVICE S.R.L.",0
"SC ATI Motors Holding SRL",0
"S.C. TELEMAGAZIN S.R.L.",0
"UNICONS AI S.R.L.",0
"S.R.L. DIGITAL INVEST",0
"Î.M. O-VIDEO GRUP S.R.L.",0
"Î.S. INSTITUTUL DE DEZVOLTARE A SOCIETĂŢII INFORMAŢIONALE",0
"Agenţia Estoniană de Asigurare a Calităţii",0
"S.R.L. DENALEX-EXIMGRUP",0
"S.R.L. NAVI SOLUTIONS",0
"CARAUTO SERVICE S.R.L.",0
"APARTAMENT & CONSULTING S.R.L.",0
"FIRMA DANIEL SRL",0
"INTERACCES - M S.R.L.",0
"CAZACU DOINA RODION",0
"Î.I. LUNCAŞU DIANA",0
"CEREMPEI  MARINA О.I.",0
"CARTIER S.R.L.",0
